{
    "failures": {
        "high_background": [
            {
                "well": "A12",
                "plate": 17,
                "value": 448.765469739
            },
            {
                "well": "C08",
                "plate": 17,
                "value": 545.697967771
            },
            {
                "well": "C10",
                "plate": 17,
                "value": 498.606493919
            }
        ],
        "low_cells_image_region_area": {
            "failed_entire_plates": [
                17,
                19,
                21,
                23
            ],
            "failed_wells": {
                "17": [
                    "A09",
                    "A10",
                    "A11",
                    "A12",
                    "C06",
                    "C07",
                    "C08",
                    "C10",
                    "C11",
                    "D07",
                    "D08",
                    "D09",
                    "D10",
                    "D11",
                    "D12",
                    "F10",
                    "F11",
                    "F12",
                    "G02",
                    "G03",
                    "G04",
                    "G10",
                    "G11",
                    "G12",
                    "H03",
                    "H04",
                    "H07",
                    "H08",
                    "H09",
                    "H10",
                    "H11",
                    "H12"
                ],
                "19": [
                    "A03",
                    "A07",
                    "A09",
                    "A10",
                    "A11",
                    "A12",
                    "B01",
                    "B05",
                    "B09",
                    "B12",
                    "C04",
                    "C05",
                    "C12",
                    "D06",
                    "F11",
                    "H01",
                    "H03",
                    "H07",
                    "H08",
                    "H09",
                    "H10",
                    "H11",
                    "H12"
                ],
                "21": [
                    "A03",
                    "A05",
                    "A07",
                    "A08",
                    "A09",
                    "A10",
                    "A11",
                    "B11",
                    "B12",
                    "C12",
                    "G09",
                    "H08",
                    "H09",
                    "H10",
                    "H11",
                    "H12"
                ],
                "23": [
                    "A02",
                    "A06",
                    "A07",
                    "A08",
                    "A09",
                    "A10",
                    "A11",
                    "A12",
                    "B01",
                    "B02",
                    "B05",
                    "B09",
                    "B12",
                    "C09",
                    "D10",
                    "E08",
                    "G09",
                    "H01",
                    "H10",
                    "H11",
                    "H12"
                ]
            }
        }
    },
    "results": {
        "A01": "no inhibition",
        "A02": "no inhibition",
        "A03": "no inhibition",
        "A04": "no inhibition",
        "A05": "no inhibition",
        "A06": "no inhibition",
        "A07": "no inhibition",
        "A08": "no inhibition",
        "A09": "no inhibition",
        "A10": "no inhibition",
        "A11": "no inhibition",
        "A12": "no inhibition",
        "B01": "no inhibition",
        "B02": "no inhibition",
        "B03": "no inhibition",
        "B04": "no inhibition",
        "B05": "no inhibition",
        "B06": "no inhibition",
        "B07": "no inhibition",
        "B08": "no inhibition",
        "B09": "no inhibition",
        "B10": "no inhibition",
        "B11": "no inhibition",
        "B12": "no inhibition",
        "C01": "no inhibition",
        "C02": "complete inhibition",
        "C03": 263.8440111420613,
        "C04": "no inhibition",
        "C05": "no inhibition",
        "C06": 190.7114093959731,
        "C07": 2044.31654676259,
        "C08": 1701.5568862275447,
        "C09": "no inhibition",
        "C10": 78.0873866446826,
        "C11": 406.52360515021456,
        "C12": "no inhibition",
        "D01": "no inhibition",
        "D02": "no inhibition",
        "D03": "no inhibition",
        "D04": "no inhibition",
        "D05": "no inhibition",
        "D06": "no inhibition",
        "D07": "no inhibition",
        "D08": "no inhibition",
        "D09": "no inhibition",
        "D10": "no inhibition",
        "D11": "no inhibition",
        "D12": "complete inhibition",
        "E01": "no inhibition",
        "E02": "no inhibition",
        "E03": "no inhibition",
        "E04": "no inhibition",
        "E05": "no inhibition",
        "E06": "no inhibition",
        "E07": "no inhibition",
        "E08": "no inhibition",
        "E09": "no inhibition",
        "E10": "no inhibition",
        "E11": "no inhibition",
        "E12": "complete inhibition",
        "F01": "no inhibition",
        "F02": "no inhibition",
        "F03": "no inhibition",
        "F04": "no inhibition",
        "F05": "no inhibition",
        "F06": "no inhibition",
        "F07": "no inhibition",
        "F08": "no inhibition",
        "F09": "no inhibition",
        "F10": "no inhibition",
        "F11": "no inhibition",
        "F12": "complete inhibition",
        "G01": "no inhibition",
        "G02": "no inhibition",
        "G03": "no inhibition",
        "G04": "no inhibition",
        "G05": "no inhibition",
        "G06": "no inhibition",
        "G07": "no inhibition",
        "G08": "no inhibition",
        "G09": "no inhibition",
        "G10": "no inhibition",
        "G11": "no inhibition",
        "G12": "complete inhibition",
        "H01": "no inhibition",
        "H02": "no inhibition",
        "H03": "no inhibition",
        "H04": "no inhibition",
        "H05": "no inhibition",
        "H06": "no inhibition",
        "H07": "no inhibition",
        "H08": "no inhibition",
        "H09": "no inhibition",
        "H10": "no inhibition",
        "H11": "no inhibition",
        "H12": "complete inhibition"
    }
}